user_input,retrieved_contexts,response,reference,faithfulness,answer_relevancy,context_precision,context_recall
What does a high Debt-to-Equity (D/E) ratio mean?,"[""# Finance FAQs\n\n## What does a high Debt-to-Equity (D/E) ratio mean?\nA high D/E ratio indicates that a company is financing a larger portion of its operations with debt relative to shareholder equity. This can amplify returns in good times but increases financial risk and interest burden, especially if cash flows are unstable.\n\n## What is Price-to-Earnings (P/E) ratio?\nP/E = Price per share / Earnings per share. Higher P/E can imply expectations of future growth; lower P/E may indicate undervaluation or slower growth. Always compare to peers and the firm's own history."", '## What is Free Cash Flow (FCF)?\nFCF is cash generated by operations minus capital expenditures. It indicates how much cash a company can return to shareholders, pay down debt, or reinvest.\n\n## What is Return on Equity (ROE)?\nROE = Net Income / Shareholder Equity. It measures how efficiently equity is used to generate profits. Sustained high ROE without excessive leverage is generally positive.\n\n## What is EV/EBITDA?\nEnterprise Value to EBITDA compares enterprise value to operating earnings. It’s useful for comparing companies with different capital structures.', '## What is MACD?\nMoving Average Convergence Divergence is a trend-following momentum indicator showing the relationship between two EMAs. Crossovers and divergences are commonly analyzed.\n\n## What is RSI?\nRelative Strength Index measures the speed and magnitude of price moves. Values over ~70 are often considered overbought; under ~30 oversold (context matters).\n\n## What is VWAP?\nVolume Weighted Average Price shows the average price weighted by volume. Traders watch intraday price vs VWAP for mean reversion or trend strength.\n\n## What is a dividend payout ratio?\nPayout ratio = Dividends / Net Income. A very high ratio can be a red flag if earnings are volatile.', '## What are common risks when rates rise?\nHigher rates can compress valuation multiples, raise interest expense, slow consumer demand, and tighten credit conditions.']","A high Debt-to-Equity (D/E) ratio means a company is using more debt to finance its operations compared to shareholder equity. This can lead to higher returns during profitable times but also increases financial risk and interest obligations, particularly if cash flows are inconsistent. 

For example, if a company has a D/E ratio of 2, it means it has twice as much debt as equity, which could amplify profits but also heighten the risk of financial distress if revenues decline.","A high D/E ratio indicates that a company is financing a larger portion of its operations with debt relative to shareholder equity. This can amplify returns in good times but increases financial risk and interest burden, especially if cash flows are unstable.",0.5714285714285714,,0.9999999999,1.0
What is Price-to-Earnings (P/E) ratio?,"[""# Finance FAQs\n\n## What does a high Debt-to-Equity (D/E) ratio mean?\nA high D/E ratio indicates that a company is financing a larger portion of its operations with debt relative to shareholder equity. This can amplify returns in good times but increases financial risk and interest burden, especially if cash flows are unstable.\n\n## What is Price-to-Earnings (P/E) ratio?\nP/E = Price per share / Earnings per share. Higher P/E can imply expectations of future growth; lower P/E may indicate undervaluation or slower growth. Always compare to peers and the firm's own history."", '## What is Free Cash Flow (FCF)?\nFCF is cash generated by operations minus capital expenditures. It indicates how much cash a company can return to shareholders, pay down debt, or reinvest.\n\n## What is Return on Equity (ROE)?\nROE = Net Income / Shareholder Equity. It measures how efficiently equity is used to generate profits. Sustained high ROE without excessive leverage is generally positive.\n\n## What is EV/EBITDA?\nEnterprise Value to EBITDA compares enterprise value to operating earnings. It’s useful for comparing companies with different capital structures.', '## What is MACD?\nMoving Average Convergence Divergence is a trend-following momentum indicator showing the relationship between two EMAs. Crossovers and divergences are commonly analyzed.\n\n## What is RSI?\nRelative Strength Index measures the speed and magnitude of price moves. Values over ~70 are often considered overbought; under ~30 oversold (context matters).\n\n## What is VWAP?\nVolume Weighted Average Price shows the average price weighted by volume. Traders watch intraday price vs VWAP for mean reversion or trend strength.\n\n## What is a dividend payout ratio?\nPayout ratio = Dividends / Net Income. A very high ratio can be a red flag if earnings are volatile.', '## What are common risks when rates rise?\nHigher rates can compress valuation multiples, raise interest expense, slow consumer demand, and tighten credit conditions.']","The Price-to-Earnings (P/E) ratio is calculated as the price per share divided by the earnings per share (P/E = Price per share / Earnings per share). A higher P/E ratio may suggest expectations of future growth, while a lower P/E could indicate undervaluation or slower growth. For example, if a company's share price is $50 and its earnings per share is $5, the P/E ratio would be 10.",P/E = Price per share / Earnings per share. Higher P/E can imply expectations of future growth; lower P/E may indicate undervaluation or slower growth. Always compare to peers and the firm's own history.,0.6666666666666666,,0.9999999999,1.0
What is Free Cash Flow (FCF)?,"['## What is Free Cash Flow (FCF)?\nFCF is cash generated by operations minus capital expenditures. It indicates how much cash a company can return to shareholders, pay down debt, or reinvest.\n\n## What is Return on Equity (ROE)?\nROE = Net Income / Shareholder Equity. It measures how efficiently equity is used to generate profits. Sustained high ROE without excessive leverage is generally positive.\n\n## What is EV/EBITDA?\nEnterprise Value to EBITDA compares enterprise value to operating earnings. It’s useful for comparing companies with different capital structures.', ""# Finance FAQs\n\n## What does a high Debt-to-Equity (D/E) ratio mean?\nA high D/E ratio indicates that a company is financing a larger portion of its operations with debt relative to shareholder equity. This can amplify returns in good times but increases financial risk and interest burden, especially if cash flows are unstable.\n\n## What is Price-to-Earnings (P/E) ratio?\nP/E = Price per share / Earnings per share. Higher P/E can imply expectations of future growth; lower P/E may indicate undervaluation or slower growth. Always compare to peers and the firm's own history."", '## What is MACD?\nMoving Average Convergence Divergence is a trend-following momentum indicator showing the relationship between two EMAs. Crossovers and divergences are commonly analyzed.\n\n## What is RSI?\nRelative Strength Index measures the speed and magnitude of price moves. Values over ~70 are often considered overbought; under ~30 oversold (context matters).\n\n## What is VWAP?\nVolume Weighted Average Price shows the average price weighted by volume. Traders watch intraday price vs VWAP for mean reversion or trend strength.\n\n## What is a dividend payout ratio?\nPayout ratio = Dividends / Net Income. A very high ratio can be a red flag if earnings are volatile.', '## What are common risks when rates rise?\nHigher rates can compress valuation multiples, raise interest expense, slow consumer demand, and tighten credit conditions.']","Free Cash Flow (FCF) is the cash generated by a company's operations minus its capital expenditures. It indicates the amount of cash available for returning to shareholders, paying down debt, or reinvesting in the business. 

For example, if a company generates $1 million in cash from operations and has $300,000 in capital expenditures, its FCF would be $700,000.","FCF is cash generated by operations minus capital expenditures. It indicates how much cash a company can return to shareholders, pay down debt, or reinvest.",0.6666666666666666,,0.9999999999,1.0
What is Return on Equity (ROE)?,"['## What is Free Cash Flow (FCF)?\nFCF is cash generated by operations minus capital expenditures. It indicates how much cash a company can return to shareholders, pay down debt, or reinvest.\n\n## What is Return on Equity (ROE)?\nROE = Net Income / Shareholder Equity. It measures how efficiently equity is used to generate profits. Sustained high ROE without excessive leverage is generally positive.\n\n## What is EV/EBITDA?\nEnterprise Value to EBITDA compares enterprise value to operating earnings. It’s useful for comparing companies with different capital structures.', ""# Finance FAQs\n\n## What does a high Debt-to-Equity (D/E) ratio mean?\nA high D/E ratio indicates that a company is financing a larger portion of its operations with debt relative to shareholder equity. This can amplify returns in good times but increases financial risk and interest burden, especially if cash flows are unstable.\n\n## What is Price-to-Earnings (P/E) ratio?\nP/E = Price per share / Earnings per share. Higher P/E can imply expectations of future growth; lower P/E may indicate undervaluation or slower growth. Always compare to peers and the firm's own history."", '## What is MACD?\nMoving Average Convergence Divergence is a trend-following momentum indicator showing the relationship between two EMAs. Crossovers and divergences are commonly analyzed.\n\n## What is RSI?\nRelative Strength Index measures the speed and magnitude of price moves. Values over ~70 are often considered overbought; under ~30 oversold (context matters).\n\n## What is VWAP?\nVolume Weighted Average Price shows the average price weighted by volume. Traders watch intraday price vs VWAP for mean reversion or trend strength.\n\n## What is a dividend payout ratio?\nPayout ratio = Dividends / Net Income. A very high ratio can be a red flag if earnings are volatile.', '## What are common risks when rates rise?\nHigher rates can compress valuation multiples, raise interest expense, slow consumer demand, and tighten credit conditions.']","Return on Equity (ROE) is calculated as Net Income divided by Shareholder Equity. It measures how efficiently a company uses its equity to generate profits. For example, if a company has a net income of $100,000 and shareholder equity of $500,000, its ROE would be 20% ($100,000 / $500,000). A sustained high ROE without excessive leverage is generally viewed positively.",ROE = Net Income / Shareholder Equity. It measures how efficiently equity is used to generate profits. Sustained high ROE without excessive leverage is generally positive.,0.6,,0.9999999999,1.0
What is EV/EBITDA?,"['## What is Free Cash Flow (FCF)?\nFCF is cash generated by operations minus capital expenditures. It indicates how much cash a company can return to shareholders, pay down debt, or reinvest.\n\n## What is Return on Equity (ROE)?\nROE = Net Income / Shareholder Equity. It measures how efficiently equity is used to generate profits. Sustained high ROE without excessive leverage is generally positive.\n\n## What is EV/EBITDA?\nEnterprise Value to EBITDA compares enterprise value to operating earnings. It’s useful for comparing companies with different capital structures.', ""# Finance FAQs\n\n## What does a high Debt-to-Equity (D/E) ratio mean?\nA high D/E ratio indicates that a company is financing a larger portion of its operations with debt relative to shareholder equity. This can amplify returns in good times but increases financial risk and interest burden, especially if cash flows are unstable.\n\n## What is Price-to-Earnings (P/E) ratio?\nP/E = Price per share / Earnings per share. Higher P/E can imply expectations of future growth; lower P/E may indicate undervaluation or slower growth. Always compare to peers and the firm's own history."", '## What is MACD?\nMoving Average Convergence Divergence is a trend-following momentum indicator showing the relationship between two EMAs. Crossovers and divergences are commonly analyzed.\n\n## What is RSI?\nRelative Strength Index measures the speed and magnitude of price moves. Values over ~70 are often considered overbought; under ~30 oversold (context matters).\n\n## What is VWAP?\nVolume Weighted Average Price shows the average price weighted by volume. Traders watch intraday price vs VWAP for mean reversion or trend strength.\n\n## What is a dividend payout ratio?\nPayout ratio = Dividends / Net Income. A very high ratio can be a red flag if earnings are volatile.', '## What are common risks when rates rise?\nHigher rates can compress valuation multiples, raise interest expense, slow consumer demand, and tighten credit conditions.']","EV/EBITDA is a financial metric that compares a company's enterprise value (EV) to its earnings before interest, taxes, depreciation, and amortization (EBITDA). It is useful for comparing companies with different capital structures, as it provides a clearer picture of operational performance without the effects of financing and accounting decisions. 

For example, if Company A has an EV of $1 billion and EBITDA of $200 million, its EV/EBITDA ratio would be 5.0. This means investors are willing to pay $5 for every $1 of EBITDA.",Enterprise Value to EBITDA compares enterprise value to operating earnings. It’s useful for comparing companies with different capital structures.,0.375,0.9002213836996974,0.9999999999,1.0
What is MACD?,"['## What is MACD?\nMoving Average Convergence Divergence is a trend-following momentum indicator showing the relationship between two EMAs. Crossovers and divergences are commonly analyzed.\n\n## What is RSI?\nRelative Strength Index measures the speed and magnitude of price moves. Values over ~70 are often considered overbought; under ~30 oversold (context matters).\n\n## What is VWAP?\nVolume Weighted Average Price shows the average price weighted by volume. Traders watch intraday price vs VWAP for mean reversion or trend strength.\n\n## What is a dividend payout ratio?\nPayout ratio = Dividends / Net Income. A very high ratio can be a red flag if earnings are volatile.', '## What is Free Cash Flow (FCF)?\nFCF is cash generated by operations minus capital expenditures. It indicates how much cash a company can return to shareholders, pay down debt, or reinvest.\n\n## What is Return on Equity (ROE)?\nROE = Net Income / Shareholder Equity. It measures how efficiently equity is used to generate profits. Sustained high ROE without excessive leverage is generally positive.\n\n## What is EV/EBITDA?\nEnterprise Value to EBITDA compares enterprise value to operating earnings. It’s useful for comparing companies with different capital structures.', ""# Finance FAQs\n\n## What does a high Debt-to-Equity (D/E) ratio mean?\nA high D/E ratio indicates that a company is financing a larger portion of its operations with debt relative to shareholder equity. This can amplify returns in good times but increases financial risk and interest burden, especially if cash flows are unstable.\n\n## What is Price-to-Earnings (P/E) ratio?\nP/E = Price per share / Earnings per share. Higher P/E can imply expectations of future growth; lower P/E may indicate undervaluation or slower growth. Always compare to peers and the firm's own history."", '## What are common risks when rates rise?\nHigher rates can compress valuation multiples, raise interest expense, slow consumer demand, and tighten credit conditions.']","MACD, or Moving Average Convergence Divergence, is a trend-following momentum indicator that shows the relationship between two exponential moving averages (EMAs). Traders often analyze crossovers and divergences in MACD to make trading decisions. For example, a bullish crossover occurs when the MACD line crosses above the signal line, potentially indicating a buying opportunity.",Moving Average Convergence Divergence is a trend-following momentum indicator showing the relationship between two EMAs. Crossovers and divergences are commonly analyzed.,0.7142857142857143,,0.9999999999,1.0
What is RSI?,"['## What is MACD?\nMoving Average Convergence Divergence is a trend-following momentum indicator showing the relationship between two EMAs. Crossovers and divergences are commonly analyzed.\n\n## What is RSI?\nRelative Strength Index measures the speed and magnitude of price moves. Values over ~70 are often considered overbought; under ~30 oversold (context matters).\n\n## What is VWAP?\nVolume Weighted Average Price shows the average price weighted by volume. Traders watch intraday price vs VWAP for mean reversion or trend strength.\n\n## What is a dividend payout ratio?\nPayout ratio = Dividends / Net Income. A very high ratio can be a red flag if earnings are volatile.', '## What are common risks when rates rise?\nHigher rates can compress valuation multiples, raise interest expense, slow consumer demand, and tighten credit conditions.', ""# Finance FAQs\n\n## What does a high Debt-to-Equity (D/E) ratio mean?\nA high D/E ratio indicates that a company is financing a larger portion of its operations with debt relative to shareholder equity. This can amplify returns in good times but increases financial risk and interest burden, especially if cash flows are unstable.\n\n## What is Price-to-Earnings (P/E) ratio?\nP/E = Price per share / Earnings per share. Higher P/E can imply expectations of future growth; lower P/E may indicate undervaluation or slower growth. Always compare to peers and the firm's own history."", '## What is Free Cash Flow (FCF)?\nFCF is cash generated by operations minus capital expenditures. It indicates how much cash a company can return to shareholders, pay down debt, or reinvest.\n\n## What is Return on Equity (ROE)?\nROE = Net Income / Shareholder Equity. It measures how efficiently equity is used to generate profits. Sustained high ROE without excessive leverage is generally positive.\n\n## What is EV/EBITDA?\nEnterprise Value to EBITDA compares enterprise value to operating earnings. It’s useful for comparing companies with different capital structures.']","RSI, or Relative Strength Index, measures the speed and magnitude of price moves. Values over approximately 70 are often considered overbought, while values under 30 are considered oversold, although context matters. For example, if a stock's RSI is 75, it may indicate that the stock is overbought and could be due for a price correction.",Relative Strength Index measures the speed and magnitude of price moves. Values over ~70 are often considered overbought; under ~30 oversold (context matters).,0.8571428571428571,0.5767439853038372,0.9999999999,1.0
What is VWAP?,"['## What is MACD?\nMoving Average Convergence Divergence is a trend-following momentum indicator showing the relationship between two EMAs. Crossovers and divergences are commonly analyzed.\n\n## What is RSI?\nRelative Strength Index measures the speed and magnitude of price moves. Values over ~70 are often considered overbought; under ~30 oversold (context matters).\n\n## What is VWAP?\nVolume Weighted Average Price shows the average price weighted by volume. Traders watch intraday price vs VWAP for mean reversion or trend strength.\n\n## What is a dividend payout ratio?\nPayout ratio = Dividends / Net Income. A very high ratio can be a red flag if earnings are volatile.', '## What is Free Cash Flow (FCF)?\nFCF is cash generated by operations minus capital expenditures. It indicates how much cash a company can return to shareholders, pay down debt, or reinvest.\n\n## What is Return on Equity (ROE)?\nROE = Net Income / Shareholder Equity. It measures how efficiently equity is used to generate profits. Sustained high ROE without excessive leverage is generally positive.\n\n## What is EV/EBITDA?\nEnterprise Value to EBITDA compares enterprise value to operating earnings. It’s useful for comparing companies with different capital structures.', ""# Finance FAQs\n\n## What does a high Debt-to-Equity (D/E) ratio mean?\nA high D/E ratio indicates that a company is financing a larger portion of its operations with debt relative to shareholder equity. This can amplify returns in good times but increases financial risk and interest burden, especially if cash flows are unstable.\n\n## What is Price-to-Earnings (P/E) ratio?\nP/E = Price per share / Earnings per share. Higher P/E can imply expectations of future growth; lower P/E may indicate undervaluation or slower growth. Always compare to peers and the firm's own history."", '## What are common risks when rates rise?\nHigher rates can compress valuation multiples, raise interest expense, slow consumer demand, and tighten credit conditions.']","VWAP, or Volume Weighted Average Price, shows the average price of a security weighted by its trading volume. Traders often compare the intraday price to VWAP to assess mean reversion or trend strength. For example, if a stock is trading below its VWAP, it may indicate a potential buying opportunity if traders expect the price to revert to the average.",Volume Weighted Average Price shows the average price weighted by volume. Traders watch intraday price vs VWAP for mean reversion or trend strength.,0.6666666666666666,0.9147411900919588,0.9999999999,1.0
What is a dividend payout ratio?,"['## What is MACD?\nMoving Average Convergence Divergence is a trend-following momentum indicator showing the relationship between two EMAs. Crossovers and divergences are commonly analyzed.\n\n## What is RSI?\nRelative Strength Index measures the speed and magnitude of price moves. Values over ~70 are often considered overbought; under ~30 oversold (context matters).\n\n## What is VWAP?\nVolume Weighted Average Price shows the average price weighted by volume. Traders watch intraday price vs VWAP for mean reversion or trend strength.\n\n## What is a dividend payout ratio?\nPayout ratio = Dividends / Net Income. A very high ratio can be a red flag if earnings are volatile.', ""# Finance FAQs\n\n## What does a high Debt-to-Equity (D/E) ratio mean?\nA high D/E ratio indicates that a company is financing a larger portion of its operations with debt relative to shareholder equity. This can amplify returns in good times but increases financial risk and interest burden, especially if cash flows are unstable.\n\n## What is Price-to-Earnings (P/E) ratio?\nP/E = Price per share / Earnings per share. Higher P/E can imply expectations of future growth; lower P/E may indicate undervaluation or slower growth. Always compare to peers and the firm's own history."", '## What is Free Cash Flow (FCF)?\nFCF is cash generated by operations minus capital expenditures. It indicates how much cash a company can return to shareholders, pay down debt, or reinvest.\n\n## What is Return on Equity (ROE)?\nROE = Net Income / Shareholder Equity. It measures how efficiently equity is used to generate profits. Sustained high ROE without excessive leverage is generally positive.\n\n## What is EV/EBITDA?\nEnterprise Value to EBITDA compares enterprise value to operating earnings. It’s useful for comparing companies with different capital structures.', '## What are common risks when rates rise?\nHigher rates can compress valuation multiples, raise interest expense, slow consumer demand, and tighten credit conditions.']","The dividend payout ratio is calculated as Dividends divided by Net Income. A very high ratio can indicate potential issues, especially if a company's earnings are volatile. 

For example, if a company pays $50,000 in dividends and has a net income of $100,000, the dividend payout ratio would be 50%.",Payout ratio = Dividends / Net Income. A very high ratio can be a red flag if earnings are volatile.,0.6,,0.9999999999,1.0
What are common risks when rates rise?,"['## What are common risks when rates rise?\nHigher rates can compress valuation multiples, raise interest expense, slow consumer demand, and tighten credit conditions.', ""# Finance FAQs\n\n## What does a high Debt-to-Equity (D/E) ratio mean?\nA high D/E ratio indicates that a company is financing a larger portion of its operations with debt relative to shareholder equity. This can amplify returns in good times but increases financial risk and interest burden, especially if cash flows are unstable.\n\n## What is Price-to-Earnings (P/E) ratio?\nP/E = Price per share / Earnings per share. Higher P/E can imply expectations of future growth; lower P/E may indicate undervaluation or slower growth. Always compare to peers and the firm's own history."", '## What is MACD?\nMoving Average Convergence Divergence is a trend-following momentum indicator showing the relationship between two EMAs. Crossovers and divergences are commonly analyzed.\n\n## What is RSI?\nRelative Strength Index measures the speed and magnitude of price moves. Values over ~70 are often considered overbought; under ~30 oversold (context matters).\n\n## What is VWAP?\nVolume Weighted Average Price shows the average price weighted by volume. Traders watch intraday price vs VWAP for mean reversion or trend strength.\n\n## What is a dividend payout ratio?\nPayout ratio = Dividends / Net Income. A very high ratio can be a red flag if earnings are volatile.', '## What is Free Cash Flow (FCF)?\nFCF is cash generated by operations minus capital expenditures. It indicates how much cash a company can return to shareholders, pay down debt, or reinvest.\n\n## What is Return on Equity (ROE)?\nROE = Net Income / Shareholder Equity. It measures how efficiently equity is used to generate profits. Sustained high ROE without excessive leverage is generally positive.\n\n## What is EV/EBITDA?\nEnterprise Value to EBITDA compares enterprise value to operating earnings. It’s useful for comparing companies with different capital structures.']","Common risks when rates rise include:

1. **Compression of Valuation Multiples**: Higher rates can lead to lower valuations for stocks.
2. **Increased Interest Expense**: Companies with debt may face higher costs, impacting profitability.
3. **Slower Consumer Demand**: Higher borrowing costs can reduce consumer spending.
4. **Tightened Credit Conditions**: Lenders may become more cautious, making it harder for businesses and consumers to obtain loans.

For example, if a company has significant debt, rising interest rates could increase its interest payments, reducing net income and potentially lowering its stock price.","Higher rates can compress valuation multiples, raise interest expense, slow consumer demand, and tighten credit conditions.",0.2857142857142857,,0.9999999999,1.0
